Date,Product_ID,Predicted_Demand,Price,Discount,Scenario
2024-01-02,P0001,625.4568259597445,54.5058,9.933333333333334,baseline
2024-01-03,P0001,593.5294032255349,54.5058,9.933333333333334,baseline
2024-01-04,P0001,591.9678029092706,54.5058,9.933333333333334,baseline
2024-01-05,P0001,596.2374730222637,54.5058,9.933333333333334,baseline
2024-01-06,P0001,594.48164068744,54.5058,9.933333333333334,baseline
2024-01-07,P0001,608.7115717460053,54.5058,9.933333333333334,baseline
2024-01-08,P0001,611.5987398240954,54.5058,9.933333333333334,baseline
2024-01-09,P0001,601.1435144973595,54.5058,9.933333333333334,baseline
2024-01-10,P0001,601.6390881526117,54.5058,9.933333333333334,baseline
2024-01-11,P0001,601.7468119785717,54.5058,9.933333333333334,baseline
2024-01-12,P0001,601.5779244305047,54.5058,9.933333333333334,baseline
2024-01-13,P0001,601.6949581519434,54.5058,9.933333333333334,baseline
2024-01-14,P0001,601.05361081666,54.5058,9.933333333333334,baseline
2024-01-15,P0001,600.9504568186776,54.5058,9.933333333333334,baseline
2024-01-16,P0001,601.4803666083915,54.5058,9.933333333333334,baseline
2024-01-17,P0001,601.4907741540055,54.5058,9.933333333333334,baseline
2024-01-18,P0001,601.5196302220666,54.5058,9.933333333333334,baseline
2024-01-19,P0001,601.5616572161625,54.5058,9.933333333333334,baseline
2024-01-20,P0001,601.5901663419024,54.5058,9.933333333333334,baseline
2024-01-21,P0001,601.6547034707789,54.5058,9.933333333333334,baseline
2024-01-22,P0001,601.6937539372652,54.5058,9.933333333333334,baseline
2024-01-23,P0001,601.7028167084463,54.5058,9.933333333333334,baseline
2024-01-24,P0001,601.7365741182246,54.5058,9.933333333333334,baseline
2024-01-25,P0001,601.7695036345904,54.5058,9.933333333333334,baseline
2024-01-26,P0001,601.8018556477875,54.5058,9.933333333333334,baseline
2024-01-27,P0001,601.8348963807705,54.5058,9.933333333333334,baseline
2024-01-28,P0001,601.8662751795953,54.5058,9.933333333333334,baseline
2024-01-29,P0001,601.8989105455776,54.5058,9.933333333333334,baseline
2024-01-30,P0001,601.9330160256884,54.5058,9.933333333333334,baseline
2024-01-31,P0001,601.9659972717004,54.5058,9.933333333333334,baseline
2024-02-01,P0001,601.9990651744254,54.5058,9.933333333333334,baseline
2024-02-02,P0001,602.0322078543504,54.5058,9.933333333333334,baseline
2024-02-03,P0001,602.0653652368032,54.5058,9.933333333333334,baseline
2024-02-04,P0001,602.0986488461917,54.5058,9.933333333333334,baseline
2024-02-05,P0001,602.1319202171617,54.5058,9.933333333333334,baseline
2024-02-06,P0001,602.1651692181927,54.5058,9.933333333333334,baseline
2024-02-07,P0001,602.1985189355214,54.5058,9.933333333333334,baseline
2024-02-08,P0001,602.2319119196541,54.5058,9.933333333333334,baseline
2024-02-09,P0001,602.2653487342018,54.5058,9.933333333333334,baseline
2024-02-10,P0001,602.2988322293472,54.5058,9.933333333333334,baseline
2024-02-11,P0001,602.332357113927,54.5058,9.933333333333334,baseline
2024-02-12,P0001,602.3659299572901,54.5058,9.933333333333334,baseline
2024-02-13,P0001,602.3995512401168,54.5058,9.933333333333334,baseline
2024-02-14,P0001,602.4332151227043,54.5058,9.933333333333334,baseline
2024-02-15,P0001,602.466924330686,54.5058,9.933333333333334,baseline
2024-02-16,P0001,602.5006788373219,54.5058,9.933333333333334,baseline
2024-02-17,P0001,602.534478507388,54.5058,9.933333333333334,baseline
2024-02-18,P0001,602.5683235919184,54.5058,9.933333333333334,baseline
2024-02-19,P0001,602.6022137792368,54.5058,9.933333333333334,baseline
2024-02-20,P0001,602.6361490465376,54.5058,9.933333333333334,baseline
2024-02-21,P0001,602.67012967088,54.5058,9.933333333333334,baseline
2024-02-22,P0001,602.7041555229487,54.5058,9.933333333333334,baseline
2024-02-23,P0001,602.7382266040127,54.5058,9.933333333333334,baseline
2024-02-24,P0001,602.7723429204873,54.5058,9.933333333333334,baseline
2024-02-25,P0001,602.8065044604625,54.5058,9.933333333333334,baseline
2024-01-02,P0002,568.783056373971,53.18806666666667,9.633333333333333,baseline
2024-01-03,P0002,474.64900868727705,53.18806666666667,9.633333333333333,baseline
2024-01-04,P0002,474.0225463416664,53.18806666666667,9.633333333333333,baseline
2024-01-05,P0002,486.9924425531641,53.18806666666667,9.633333333333333,baseline
2024-01-06,P0002,481.48964105454263,53.18806666666667,9.633333333333333,baseline
2024-01-07,P0002,473.7666713166001,53.18806666666667,9.633333333333333,baseline
2024-01-08,P0002,474.6407366178345,53.18806666666667,9.633333333333333,baseline
2024-01-09,P0002,478.0834275357163,53.18806666666667,9.633333333333333,baseline
2024-01-10,P0002,477.72309116571796,53.18806666666667,9.633333333333333,baseline
2024-01-11,P0002,477.5396117400346,53.18806666666667,9.633333333333333,baseline
2024-01-12,P0002,477.5500216537504,53.18806666666667,9.633333333333333,baseline
2024-01-13,P0002,477.29642394090047,53.18806666666667,9.633333333333333,baseline
2024-01-14,P0002,477.01087980939565,53.18806666666667,9.633333333333333,baseline
2024-01-15,P0002,476.8478423407415,53.18806666666667,9.633333333333333,baseline
2024-01-16,P0002,476.7212350891217,53.18806666666667,9.633333333333333,baseline
2024-01-17,P0002,476.54008061794264,53.18806666666667,9.633333333333333,baseline
2024-01-18,P0002,476.3612055734152,53.18806666666667,9.633333333333333,baseline
2024-01-19,P0002,476.1848531520328,53.18806666666667,9.633333333333333,baseline
2024-01-20,P0002,476.00448528701577,53.18806666666667,9.633333333333333,baseline
2024-01-21,P0002,475.82341545669453,53.18806666666667,9.633333333333333,baseline
2024-01-22,P0002,475.6438490143172,53.18806666666667,9.633333333333333,baseline
2024-01-23,P0002,475.46455692018117,53.18806666666667,9.633333333333333,baseline
2024-01-24,P0002,475.28424015594794,53.18806666666667,9.633333333333333,baseline
2024-01-25,P0002,475.10371011901793,53.18806666666667,9.633333333333333,baseline
2024-01-26,P0002,474.9229702818642,53.18806666666667,9.633333333333333,baseline
2024-01-27,P0002,474.7419272909151,53.18806666666667,9.633333333333333,baseline
2024-01-28,P0002,474.5606284575621,53.18806666666667,9.633333333333333,baseline
2024-01-29,P0002,474.3791052708691,53.18806666666667,9.633333333333333,baseline
2024-01-30,P0002,474.19734018203303,53.18806666666667,9.633333333333333,baseline
2024-01-31,P0002,474.01531464306333,53.18806666666667,9.633333333333333,baseline
2024-02-01,P0002,473.8330402394711,53.18806666666667,9.633333333333333,baseline
2024-02-02,P0002,473.6505170208378,53.18806666666667,9.633333333333333,baseline
2024-02-03,P0002,473.46774365421766,53.18806666666667,9.633333333333333,baseline
2024-02-04,P0002,473.28472081514485,53.18806666666667,9.633333333333333,baseline
2024-02-05,P0002,473.1014489532348,53.18806666666667,9.633333333333333,baseline
2024-02-06,P0002,472.91792781791764,53.18806666666667,9.633333333333333,baseline
2024-02-07,P0002,472.73415714435646,53.18806666666667,9.633333333333333,baseline
2024-02-08,P0002,472.55013709797447,53.18806666666667,9.633333333333333,baseline
2024-02-09,P0002,472.3658676794797,53.18806666666667,9.633333333333333,baseline
2024-02-10,P0002,472.1813488698398,53.18806666666667,9.633333333333333,baseline
2024-02-11,P0002,471.9965806787003,53.18806666666667,9.633333333333333,baseline
2024-02-12,P0002,471.81156311248105,53.18806666666667,9.633333333333333,baseline
2024-02-13,P0002,471.6262961676043,53.18806666666667,9.633333333333333,baseline
2024-02-14,P0002,471.44077984028854,53.18806666666667,9.633333333333333,baseline
2024-02-15,P0002,471.2550141328958,53.18806666666667,9.633333333333333,baseline
2024-02-16,P0002,471.06899904543616,53.18806666666667,9.633333333333333,baseline
2024-02-17,P0002,470.88273457763785,53.18806666666667,9.633333333333333,baseline
2024-02-18,P0002,470.69622072963864,53.18806666666667,9.633333333333333,baseline
2024-02-19,P0002,470.50945750153016,53.18806666666667,9.633333333333333,baseline
2024-02-20,P0002,470.3224448932614,53.18806666666667,9.633333333333333,baseline
2024-02-21,P0002,470.1351829047783,53.18806666666667,9.633333333333333,baseline
2024-02-22,P0002,469.9476715361145,53.18806666666667,9.633333333333333,baseline
2024-02-23,P0002,469.7599107872703,53.18806666666667,9.633333333333333,baseline
2024-02-24,P0002,469.5719006582417,53.18806666666667,9.633333333333333,baseline
2024-02-25,P0002,469.3836411490307,53.18806666666667,9.633333333333333,baseline
2024-01-02,P0003,665.0849751476333,54.07833333333333,10.7,baseline
2024-01-03,P0003,656.2969514006774,54.07833333333333,10.7,baseline
2024-01-04,P0003,677.1804315001777,54.07833333333333,10.7,baseline
2024-01-05,P0003,641.7469795751442,54.07833333333333,10.7,baseline
2024-01-06,P0003,686.3055924798861,54.07833333333333,10.7,baseline
2024-01-07,P0003,659.8561751871293,54.07833333333333,10.7,baseline
2024-01-08,P0003,658.761491877608,54.07833333333333,10.7,baseline
2024-01-09,P0003,655.6165034945918,54.07833333333333,10.7,baseline
2024-01-10,P0003,655.4838300034995,54.07833333333333,10.7,baseline
2024-01-11,P0003,656.5030503023555,54.07833333333333,10.7,baseline
2024-01-12,P0003,654.9063768143125,54.07833333333333,10.7,baseline
2024-01-13,P0003,657.0254629928116,54.07833333333333,10.7,baseline
2024-01-14,P0003,655.8462430372566,54.07833333333333,10.7,baseline
2024-01-15,P0003,655.8448384267031,54.07833333333333,10.7,baseline
2024-01-16,P0003,655.7482648813921,54.07833333333333,10.7,baseline
2024-01-17,P0003,655.7916848332045,54.07833333333333,10.7,baseline
2024-01-18,P0003,655.8886803495973,54.07833333333333,10.7,baseline
2024-01-19,P0003,655.8642349182834,54.07833333333333,10.7,baseline
2024-01-20,P0003,656.0124585127763,54.07833333333333,10.7,baseline
2024-01-21,P0003,656.0075426026497,54.07833333333333,10.7,baseline
2024-01-22,P0003,656.0574063324568,54.07833333333333,10.7,baseline
2024-01-23,P0003,656.1029186433747,54.07833333333333,10.7,baseline
2024-01-24,P0003,656.1550030038337,54.07833333333333,10.7,baseline
2024-01-25,P0003,656.2096452371204,54.07833333333333,10.7,baseline
2024-01-26,P0003,656.2587156971365,54.07833333333333,10.7,baseline
2024-01-27,P0003,656.3158760091046,54.07833333333333,10.7,baseline
2024-01-28,P0003,656.3659921264508,54.07833333333333,10.7,baseline
2024-01-29,P0003,656.418722046813,54.07833333333333,10.7,baseline
2024-01-30,P0003,656.4713190888903,54.07833333333333,10.7,baseline
2024-01-31,P0003,656.5242906558491,54.07833333333333,10.7,baseline
2024-02-01,P0003,656.5774502862199,54.07833333333333,10.7,baseline
2024-02-02,P0003,656.6304203519447,54.07833333333333,10.7,baseline
2024-02-03,P0003,656.6838354455926,54.07833333333333,10.7,baseline
2024-02-04,P0003,656.7369925795365,54.07833333333333,10.7,baseline
2024-02-05,P0003,656.790340374891,54.07833333333333,10.7,baseline
2024-02-06,P0003,656.8437512462835,54.07833333333333,10.7,baseline
2024-02-07,P0003,656.8972487629654,54.07833333333333,10.7,baseline
2024-02-08,P0003,656.950824263664,54.07833333333333,10.7,baseline
2024-02-09,P0003,657.0044602072772,54.07833333333333,10.7,baseline
2024-02-10,P0003,657.0581860710982,54.07833333333333,10.7,baseline
2024-02-11,P0003,657.1119692008331,54.07833333333333,10.7,baseline
2024-02-12,P0003,657.1658304352635,54.07833333333333,10.7,baseline
2024-02-13,P0003,657.2197638479548,54.07833333333333,10.7,baseline
2024-02-14,P0003,657.2737705337161,54.07833333333333,10.7,baseline
2024-02-15,P0003,657.3278500902248,54.07833333333333,10.7,baseline
2024-02-16,P0003,657.382001702684,54.07833333333333,10.7,baseline
2024-02-17,P0003,657.4362267403354,54.07833333333333,10.7,baseline
2024-02-18,P0003,657.4905236863633,54.07833333333333,10.7,baseline
2024-02-19,P0003,657.5448935087443,54.07833333333333,10.7,baseline
2024-02-20,P0003,657.5993359321911,54.07833333333333,10.7,baseline
2024-02-21,P0003,657.6538510075585,54.07833333333333,10.7,baseline
2024-02-22,P0003,657.7084387161582,54.07833333333333,10.7,baseline
2024-02-23,P0003,657.7630990201424,54.07833333333333,10.7,baseline
2024-02-24,P0003,657.8178319831133,54.07833333333333,10.7,baseline
2024-02-25,P0003,657.8726375346137,54.07833333333333,10.7,baseline
2024-01-02,P0004,586.5572343873114,54.628800000000005,10.966666666666667,baseline
2024-01-03,P0004,625.2469215149634,54.628800000000005,10.966666666666667,baseline
2024-01-04,P0004,643.5524032043734,54.628800000000005,10.966666666666667,baseline
2024-01-05,P0004,622.9180932069104,54.628800000000005,10.966666666666667,baseline
2024-01-06,P0004,623.1569048726574,54.628800000000005,10.966666666666667,baseline
2024-01-07,P0004,652.7923359081243,54.628800000000005,10.966666666666667,baseline
2024-01-08,P0004,633.7419490006307,54.628800000000005,10.966666666666667,baseline
2024-01-09,P0004,628.999354540076,54.628800000000005,10.966666666666667,baseline
2024-01-10,P0004,628.1500235901605,54.628800000000005,10.966666666666667,baseline
2024-01-11,P0004,627.014213587382,54.628800000000005,10.966666666666667,baseline
2024-01-12,P0004,628.0960654089597,54.628800000000005,10.966666666666667,baseline
2024-01-13,P0004,627.9889694383456,54.628800000000005,10.966666666666667,baseline
2024-01-14,P0004,626.2074748317784,54.628800000000005,10.966666666666667,baseline
2024-01-15,P0004,627.1987212942917,54.628800000000005,10.966666666666667,baseline
2024-01-16,P0004,627.3749444633755,54.628800000000005,10.966666666666667,baseline
2024-01-17,P0004,627.3292977642539,54.628800000000005,10.966666666666667,baseline
2024-01-18,P0004,627.2998359983736,54.628800000000005,10.966666666666667,baseline
2024-01-19,P0004,627.1439372816678,54.628800000000005,10.966666666666667,baseline
2024-01-20,P0004,627.0556230792278,54.628800000000005,10.966666666666667,baseline
2024-01-21,P0004,627.0625419609038,54.628800000000005,10.966666666666667,baseline
2024-01-22,P0004,626.9114096769115,54.628800000000005,10.966666666666667,baseline
2024-01-23,P0004,626.8065652553082,54.628800000000005,10.966666666666667,baseline
2024-01-24,P0004,626.7142259884931,54.628800000000005,10.966666666666667,baseline
2024-01-25,P0004,626.6208336040055,54.628800000000005,10.966666666666667,baseline
2024-01-26,P0004,626.534511048122,54.628800000000005,10.966666666666667,baseline
2024-01-27,P0004,626.4442079413881,54.628800000000005,10.966666666666667,baseline
2024-01-28,P0004,626.3483495756235,54.628800000000005,10.966666666666667,baseline
2024-01-29,P0004,626.2613616076424,54.628800000000005,10.966666666666667,baseline
2024-01-30,P0004,626.1716060272051,54.628800000000005,10.966666666666667,baseline
2024-01-31,P0004,626.0810069087323,54.628800000000005,10.966666666666667,baseline
2024-02-01,P0004,625.9903364557292,54.628800000000005,10.966666666666667,baseline
2024-02-02,P0004,625.8991320305253,54.628800000000005,10.966666666666667,baseline
2024-02-03,P0004,625.8080230010412,54.628800000000005,10.966666666666667,baseline
2024-02-04,P0004,625.7170990538636,54.628800000000005,10.966666666666667,baseline
2024-02-05,P0004,625.6255385841172,54.628800000000005,10.966666666666667,baseline
2024-02-06,P0004,625.5340044278914,54.628800000000005,10.966666666666667,baseline
2024-02-07,P0004,625.4423870006492,54.628800000000005,10.966666666666667,baseline
2024-02-08,P0004,625.35064232199,54.628800000000005,10.966666666666667,baseline
2024-02-09,P0004,625.2587967411728,54.628800000000005,10.966666666666667,baseline
2024-02-10,P0004,625.1668144129143,54.628800000000005,10.966666666666667,baseline
2024-02-11,P0004,625.0746902291673,54.628800000000005,10.966666666666667,baseline
2024-02-12,P0004,624.9824709839588,54.628800000000005,10.966666666666667,baseline
2024-02-13,P0004,624.8901189258455,54.628800000000005,10.966666666666667,baseline
2024-02-14,P0004,624.7976402961508,54.628800000000005,10.966666666666667,baseline
2024-02-15,P0004,624.7050375997528,54.628800000000005,10.966666666666667,baseline
2024-02-16,P0004,624.6123093359449,54.628800000000005,10.966666666666667,baseline
2024-02-17,P0004,624.5194575462742,54.628800000000005,10.966666666666667,baseline
2024-02-18,P0004,624.4264825216667,54.628800000000005,10.966666666666667,baseline
2024-02-19,P0004,624.3333815969958,54.628800000000005,10.966666666666667,baseline
2024-02-20,P0004,624.2401569223729,54.628800000000005,10.966666666666667,baseline
2024-02-21,P0004,624.146808142327,54.628800000000005,10.966666666666667,baseline
2024-02-22,P0004,624.0533351141944,54.628800000000005,10.966666666666667,baseline
2024-02-23,P0004,623.9597379234468,54.628800000000005,10.966666666666667,baseline
2024-02-24,P0004,623.8660164538093,54.628800000000005,10.966666666666667,baseline
2024-02-25,P0004,623.7721706887121,54.628800000000005,10.966666666666667,baseline
2024-01-02,P0005,667.830167169481,53.00733333333333,9.533333333333333,baseline
2024-01-03,P0005,754.2336260363076,53.00733333333333,9.533333333333333,baseline
2024-01-04,P0005,757.7714897178254,53.00733333333333,9.533333333333333,baseline
2024-01-05,P0005,759.0130000041567,53.00733333333333,9.533333333333333,baseline
2024-01-06,P0005,750.2877671750397,53.00733333333333,9.533333333333333,baseline
2024-01-07,P0005,763.4469324445257,53.00733333333333,9.533333333333333,baseline
2024-01-08,P0005,755.5645618915424,53.00733333333333,9.533333333333333,baseline
2024-01-09,P0005,755.9969024018354,53.00733333333333,9.533333333333333,baseline
2024-01-10,P0005,755.86469412472,53.00733333333333,9.533333333333333,baseline
2024-01-11,P0005,755.6315357822251,53.00733333333333,9.533333333333333,baseline
2024-01-12,P0005,755.4476021265041,53.00733333333333,9.533333333333333,baseline
2024-01-13,P0005,755.4780564525211,53.00733333333333,9.533333333333333,baseline
2024-01-14,P0005,755.0370637291039,53.00733333333333,9.533333333333333,baseline
2024-01-15,P0005,755.0489269855235,53.00733333333333,9.533333333333333,baseline
2024-01-16,P0005,754.881532597025,53.00733333333333,9.533333333333333,baseline
2024-01-17,P0005,754.7260732983111,53.00733333333333,9.533333333333333,baseline
2024-01-18,P0005,754.5725666461279,53.00733333333333,9.533333333333333,baseline
2024-01-19,P0005,754.4177790014136,53.00733333333333,9.533333333333333,baseline
2024-01-20,P0005,754.2581539841835,53.00733333333333,9.533333333333333,baseline
2024-01-21,P0005,754.1084593427915,53.00733333333333,9.533333333333333,baseline
2024-01-22,P0005,753.9487925147869,53.00733333333333,9.533333333333333,baseline
2024-01-23,P0005,753.7927644919051,53.00733333333333,9.533333333333333,baseline
2024-01-24,P0005,753.6362584150405,53.00733333333333,9.533333333333333,baseline
2024-01-25,P0005,753.4794892312332,53.00733333333333,9.533333333333333,baseline
2024-01-26,P0005,753.3225265688424,53.00733333333333,9.533333333333333,baseline
2024-01-27,P0005,753.1654470056488,53.00733333333333,9.533333333333333,baseline
2024-01-28,P0005,753.0079325549917,53.00733333333333,9.533333333333333,baseline
2024-01-29,P0005,752.8504117689579,53.00733333333333,9.533333333333333,baseline
2024-01-30,P0005,752.6925915687578,53.00733333333333,9.533333333333333,baseline
2024-01-31,P0005,752.5345606006935,53.00733333333333,9.533333333333333,baseline
2024-02-01,P0005,752.376314236416,53.00733333333333,9.533333333333333,baseline
2024-02-02,P0005,752.217850976652,53.00733333333333,9.533333333333333,baseline
2024-02-03,P0005,752.05916917249,53.00733333333333,9.533333333333333,baseline
2024-02-04,P0005,751.9002756709802,53.00733333333333,9.533333333333333,baseline
2024-02-05,P0005,751.7411612443216,53.00733333333333,9.533333333333333,baseline
2024-02-06,P0005,751.5818322032353,53.00733333333333,9.533333333333333,baseline
2024-02-07,P0005,751.4222866389442,53.00733333333333,9.533333333333333,baseline
2024-02-08,P0005,751.2625246511083,53.00733333333333,9.533333333333333,baseline
2024-02-09,P0005,751.1025462720106,53.00733333333333,9.533333333333333,baseline
2024-02-10,P0005,750.9423515371565,53.00733333333333,9.533333333333333,baseline
2024-02-11,P0005,750.7819402991116,53.00733333333333,9.533333333333333,baseline
2024-02-12,P0005,750.6213127565737,53.00733333333333,9.533333333333333,baseline
2024-02-13,P0005,750.4604687736572,53.00733333333333,9.533333333333333,baseline
2024-02-14,P0005,750.2994083914629,53.00733333333333,9.533333333333333,baseline
2024-02-15,P0005,750.1381316078447,53.00733333333333,9.533333333333333,baseline
2024-02-16,P0005,749.9766384221075,53.00733333333333,9.533333333333333,baseline
2024-02-17,P0005,749.8149288334869,53.00733333333333,9.533333333333333,baseline
2024-02-18,P0005,749.6530028451574,53.00733333333333,9.533333333333333,baseline
2024-02-19,P0005,749.4908604528406,53.00733333333333,9.533333333333333,baseline
2024-02-20,P0005,749.3285016594625,53.00733333333333,9.533333333333333,baseline
2024-02-21,P0005,749.1659264641381,53.00733333333333,9.533333333333333,baseline
2024-02-22,P0005,749.0031348669136,53.00733333333333,9.533333333333333,baseline
2024-02-23,P0005,748.8401268678039,53.00733333333333,9.533333333333333,baseline
2024-02-24,P0005,748.6769024668254,53.00733333333333,9.533333333333333,baseline
2024-02-25,P0005,748.5134616639099,53.00733333333333,9.533333333333333,baseline
2024-01-02,P0006,589.2990141601639,54.63133333333334,9.766666666666667,baseline
2024-01-03,P0006,561.1814483182374,54.63133333333334,9.766666666666667,baseline
2024-01-04,P0006,571.0674973850295,54.63133333333334,9.766666666666667,baseline
2024-01-05,P0006,565.6679521650012,54.63133333333334,9.766666666666667,baseline
2024-01-06,P0006,579.1209514327132,54.63133333333334,9.766666666666667,baseline
2024-01-07,P0006,561.0994825002571,54.63133333333334,9.766666666666667,baseline
2024-01-08,P0006,575.4169457901497,54.63133333333334,9.766666666666667,baseline
2024-01-09,P0006,566.881546613961,54.63133333333334,9.766666666666667,baseline
2024-01-10,P0006,566.5681471880829,54.63133333333334,9.766666666666667,baseline
2024-01-11,P0006,566.2817150457039,54.63133333333334,9.766666666666667,baseline
2024-01-12,P0006,566.396607441186,54.63133333333334,9.766666666666667,baseline
2024-01-13,P0006,566.0164402660617,54.63133333333334,9.766666666666667,baseline
2024-01-14,P0006,566.4626779014486,54.63133333333334,9.766666666666667,baseline
2024-01-15,P0006,566.0597363778093,54.63133333333334,9.766666666666667,baseline
2024-01-16,P0006,566.2568173646629,54.63133333333334,9.766666666666667,baseline
2024-01-17,P0006,566.2379709104216,54.63133333333334,9.766666666666667,baseline
2024-01-18,P0006,566.2183785434215,54.63133333333334,9.766666666666667,baseline
2024-01-19,P0006,566.1882105568903,54.63133333333334,9.766666666666667,baseline
2024-01-20,P0006,566.1710038072368,54.63133333333334,9.766666666666667,baseline
2024-01-21,P0006,566.1320598687597,54.63133333333334,9.766666666666667,baseline
2024-01-22,P0006,566.1153754822748,54.63133333333334,9.766666666666667,baseline
2024-01-23,P0006,566.0828981530082,54.63133333333334,9.766666666666667,baseline
2024-01-24,P0006,566.0560527329468,54.63133333333334,9.766666666666667,baseline
2024-01-25,P0006,566.0291890809442,54.63133333333334,9.766666666666667,baseline
2024-01-26,P0006,566.0025653010817,54.63133333333334,9.766666666666667,baseline
2024-01-27,P0006,565.9755633730215,54.63133333333334,9.766666666666667,baseline
2024-01-28,P0006,565.9490943926381,54.63133333333334,9.766666666666667,baseline
2024-01-29,P0006,565.9220031130221,54.63133333333334,9.766666666666667,baseline
2024-01-30,P0006,565.8952886997065,54.63133333333334,9.766666666666667,baseline
2024-01-31,P0006,565.8683885884288,54.63133333333334,9.766666666666667,baseline
2024-02-01,P0006,565.8414511380897,54.63133333333334,9.766666666666667,baseline
2024-02-02,P0006,565.8144695715067,54.63133333333334,9.766666666666667,baseline
2024-02-03,P0006,565.7874601163837,54.63133333333334,9.766666666666667,baseline
2024-02-04,P0006,565.7603988495692,54.63133333333334,9.766666666666667,baseline
2024-02-05,P0006,565.7333161050244,54.63133333333334,9.766666666666667,baseline
2024-02-06,P0006,565.7061856471038,54.63133333333334,9.766666666666667,baseline
2024-02-07,P0006,565.6790222473702,54.63133333333334,9.766666666666667,baseline
2024-02-08,P0006,565.6518220102814,54.63133333333334,9.766666666666667,baseline
2024-02-09,P0006,565.6245851137899,54.63133333333334,9.766666666666667,baseline
2024-02-10,P0006,565.5973111317955,54.63133333333334,9.766666666666667,baseline
2024-02-11,P0006,565.5700006924619,54.63133333333334,9.766666666666667,baseline
2024-02-12,P0006,565.5426529992934,54.63133333333334,9.766666666666667,baseline
2024-02-13,P0006,565.5152687411739,54.63133333333334,9.766666666666667,baseline
2024-02-14,P0006,565.4878475302382,54.63133333333334,9.766666666666667,baseline
2024-02-15,P0006,565.4603894687739,54.63133333333334,9.766666666666667,baseline
2024-02-16,P0006,565.4328945521082,54.63133333333334,9.766666666666667,baseline
2024-02-17,P0006,565.4053627914295,54.63133333333334,9.766666666666667,baseline
2024-02-18,P0006,565.3777941702439,54.63133333333334,9.766666666666667,baseline
2024-02-19,P0006,565.3501887094652,54.63133333333334,9.766666666666667,baseline
2024-02-20,P0006,565.3225463910052,54.63133333333334,9.766666666666667,baseline
2024-02-21,P0006,565.2948672250482,54.63133333333334,9.766666666666667,baseline
2024-02-22,P0006,565.2671512089083,54.63133333333334,9.766666666666667,baseline
2024-02-23,P0006,565.2393983427083,54.63133333333334,9.766666666666667,baseline
2024-02-24,P0006,565.2116086261544,54.63133333333334,9.766666666666667,baseline
2024-02-25,P0006,565.1837820596797,54.63133333333334,9.766666666666667,baseline
2024-01-02,P0007,818.5605652092298,56.3734,10.633333333333333,baseline
2024-01-03,P0007,926.4041603022827,56.3734,10.633333333333333,baseline
2024-01-04,P0007,924.0494605277447,56.3734,10.633333333333333,baseline
2024-01-05,P0007,924.2213713674573,56.3734,10.633333333333333,baseline
2024-01-06,P0007,923.9639437107757,56.3734,10.633333333333333,baseline
2024-01-07,P0007,923.8062316402525,56.3734,10.633333333333333,baseline
2024-01-08,P0007,923.6186003247783,56.3734,10.633333333333333,baseline
2024-01-09,P0007,923.4247539307742,56.3734,10.633333333333333,baseline
2024-01-10,P0007,923.2371664372542,56.3734,10.633333333333333,baseline
2024-01-11,P0007,923.0481432584386,56.3734,10.633333333333333,baseline
2024-01-12,P0007,922.8590589363586,56.3734,10.633333333333333,baseline
2024-01-13,P0007,922.669674089477,56.3734,10.633333333333333,baseline
2024-01-14,P0007,922.4800315342997,56.3734,10.633333333333333,baseline
2024-01-15,P0007,922.2901205553962,56.3734,10.633333333333333,baseline
2024-01-16,P0007,922.0999431136362,56.3734,10.633333333333333,baseline
2024-01-17,P0007,921.9095003206828,56.3734,10.633333333333333,baseline
2024-01-18,P0007,921.7187914996958,56.3734,10.633333333333333,baseline
2024-01-19,P0007,921.527816771591,56.3734,10.633333333333333,baseline
2024-01-20,P0007,921.3365761153061,56.3734,10.633333333333333,baseline
2024-01-21,P0007,921.1450695346086,56.3734,10.633333333333333,baseline
2024-01-22,P0007,920.9532970285572,56.3734,10.633333333333333,baseline
2024-01-23,P0007,920.7612585973242,56.3734,10.633333333333333,baseline
2024-01-24,P0007,920.5689542410066,56.3734,10.633333333333333,baseline
2024-01-25,P0007,920.3763839595454,56.3734,10.633333333333333,baseline
2024-01-26,P0007,920.1835477529509,56.3734,10.633333333333333,baseline
2024-01-27,P0007,919.9904456212214,56.3734,10.633333333333333,baseline
2024-01-28,P0007,919.7970775643572,56.3734,10.633333333333333,baseline
2024-01-29,P0007,919.6034435823583,56.3734,10.633333333333333,baseline
2024-01-30,P0007,919.4095436752247,56.3734,10.633333333333333,baseline
2024-01-31,P0007,919.2153778429563,56.3734,10.633333333333333,baseline
2024-02-01,P0007,919.0209460855532,56.3734,10.633333333333333,baseline
2024-02-02,P0007,918.8262484030154,56.3734,10.633333333333333,baseline
2024-02-03,P0007,918.6312847953428,56.3734,10.633333333333333,baseline
2024-02-04,P0007,918.4360552625354,56.3734,10.633333333333333,baseline
2024-02-05,P0007,918.2405598045933,56.3734,10.633333333333333,baseline
2024-02-06,P0007,918.0447984215165,56.3734,10.633333333333333,baseline
2024-02-07,P0007,917.8487711133049,56.3734,10.633333333333333,baseline
2024-02-08,P0007,917.6524778799586,56.3734,10.633333333333333,baseline
2024-02-09,P0007,917.4559187214776,56.3734,10.633333333333333,baseline
2024-02-10,P0007,917.2590936378618,56.3734,10.633333333333333,baseline
2024-02-11,P0007,917.0620026291114,56.3734,10.633333333333333,baseline
2024-02-12,P0007,916.8646456952262,56.3734,10.633333333333333,baseline
2024-02-13,P0007,916.6670228362062,56.3734,10.633333333333333,baseline
2024-02-14,P0007,916.4691340520516,56.3734,10.633333333333333,baseline
2024-02-15,P0007,916.2709793427621,56.3734,10.633333333333333,baseline
2024-02-16,P0007,916.0725587083379,56.3734,10.633333333333333,baseline
2024-02-17,P0007,915.8738721487789,56.3734,10.633333333333333,baseline
2024-02-18,P0007,915.6749196640852,56.3734,10.633333333333333,baseline
2024-02-19,P0007,915.4757012542568,56.3734,10.633333333333333,baseline
2024-02-20,P0007,915.2762169192937,56.3734,10.633333333333333,baseline
2024-02-21,P0007,915.0764666591958,56.3734,10.633333333333333,baseline
2024-02-22,P0007,914.8764504739632,56.3734,10.633333333333333,baseline
2024-02-23,P0007,914.6761683635959,56.3734,10.633333333333333,baseline
2024-02-24,P0007,914.4756203280939,56.3734,10.633333333333333,baseline
2024-02-25,P0007,914.2748063674571,56.3734,10.633333333333333,baseline
2024-01-02,P0008,650.2395571803767,55.71026666666667,9.466666666666667,baseline
2024-01-03,P0008,637.6276992005876,55.71026666666667,9.466666666666667,baseline
2024-01-04,P0008,633.3253189095624,55.71026666666667,9.466666666666667,baseline
2024-01-05,P0008,633.3998749058483,55.71026666666667,9.466666666666667,baseline
2024-01-06,P0008,631.0057235841928,55.71026666666667,9.466666666666667,baseline
2024-01-07,P0008,634.375579473673,55.71026666666667,9.466666666666667,baseline
2024-01-08,P0008,631.5272695834362,55.71026666666667,9.466666666666667,baseline
2024-01-09,P0008,634.0696647597478,55.71026666666667,9.466666666666667,baseline
2024-01-10,P0008,634.1554567554767,55.71026666666667,9.466666666666667,baseline
2024-01-11,P0008,634.2348471800204,55.71026666666667,9.466666666666667,baseline
2024-01-12,P0008,634.3624735362049,55.71026666666667,9.466666666666667,baseline
2024-01-13,P0008,634.4631724882206,55.71026666666667,9.466666666666667,baseline
2024-01-14,P0008,634.6273370395692,55.71026666666667,9.466666666666667,baseline
2024-01-15,P0008,634.7234061357196,55.71026666666667,9.466666666666667,baseline
2024-01-16,P0008,634.8788420735037,55.71026666666667,9.466666666666667,baseline
2024-01-17,P0008,635.0074835073115,55.71026666666667,9.466666666666667,baseline
2024-01-18,P0008,635.1362329954511,55.71026666666667,9.466666666666667,baseline
2024-01-19,P0008,635.2656904430896,55.71026666666667,9.466666666666667,baseline
2024-01-20,P0008,635.395030576904,55.71026666666667,9.466666666666667,baseline
2024-01-21,P0008,635.525245887895,55.71026666666667,9.466666666666667,baseline
2024-01-22,P0008,635.654891870873,55.71026666666667,9.466666666666667,baseline
2024-01-23,P0008,635.7853680277643,55.71026666666667,9.466666666666667,baseline
2024-01-24,P0008,635.9157283300401,55.71026666666667,9.466666666666667,baseline
2024-01-25,P0008,636.0462681605949,55.71026666666667,9.466666666666667,baseline
2024-01-26,P0008,636.1769941062269,55.71026666666667,9.466666666666667,baseline
2024-01-27,P0008,636.3078971056557,55.71026666666667,9.466666666666667,baseline
2024-01-28,P0008,636.4389880561671,55.71026666666667,9.466666666666667,baseline
2024-01-29,P0008,636.5702510974805,55.71026666666667,9.466666666666667,baseline
2024-01-30,P0008,636.7017015957528,55.71026666666667,9.466666666666667,baseline
2024-01-31,P0008,636.8333291638436,55.71026666666667,9.466666666666667,baseline
2024-02-01,P0008,636.9651370449782,55.71026666666667,9.466666666666667,baseline
2024-02-02,P0008,637.0971253114778,55.71026666666667,9.466666666666667,baseline
2024-02-03,P0008,637.229293863852,55.71026666666667,9.466666666666667,baseline
2024-02-04,P0008,637.3616428217501,55.71026666666667,9.466666666666667,baseline
2024-02-05,P0008,637.4941720110305,55.71026666666667,9.466666666666667,baseline
2024-02-06,P0008,637.6268816004094,55.71026666666667,9.466666666666667,baseline
2024-02-07,P0008,637.7597714758389,55.71026666666667,9.466666666666667,baseline
2024-02-08,P0008,637.8928416729286,55.71026666666667,9.466666666666667,baseline
2024-02-09,P0008,638.0260921924727,55.71026666666667,9.466666666666667,baseline
2024-02-10,P0008,638.1595230333787,55.71026666666667,9.466666666666667,baseline
2024-02-11,P0008,638.2931341969605,55.71026666666667,9.466666666666667,baseline
2024-02-12,P0008,638.426925681306,55.71026666666667,9.466666666666667,baseline
2024-02-13,P0008,638.5608974882675,55.71026666666667,9.466666666666667,baseline
2024-02-14,P0008,638.695049616593,55.71026666666667,9.466666666666667,baseline
2024-02-15,P0008,638.8293820666734,55.71026666666667,9.466666666666667,baseline
2024-02-16,P0008,638.9638948385173,55.71026666666667,9.466666666666667,baseline
2024-02-17,P0008,639.0985879321128,55.71026666666667,9.466666666666667,baseline
2024-02-18,P0008,639.2334613474743,55.71026666666667,9.466666666666667,baseline
2024-02-19,P0008,639.3685150845808,55.71026666666667,9.466666666666667,baseline
2024-02-20,P0008,639.5037491434529,55.71026666666667,9.466666666666667,baseline
2024-02-21,P0008,639.6391635240765,55.71026666666667,9.466666666666667,baseline
2024-02-22,P0008,639.774758226456,55.71026666666667,9.466666666666667,baseline
2024-02-23,P0008,639.9105332505916,55.71026666666667,9.466666666666667,baseline
2024-02-24,P0008,640.0464885964831,55.71026666666667,9.466666666666667,baseline
2024-02-25,P0008,640.1826242641306,55.71026666666667,9.466666666666667,baseline
2024-01-02,P0009,666.1094712534956,58.6624,9.566666666666666,baseline
2024-01-03,P0009,716.0159353506374,58.6624,9.566666666666666,baseline
2024-01-04,P0009,723.3216551223329,58.6624,9.566666666666666,baseline
2024-01-05,P0009,723.3394176315787,58.6624,9.566666666666666,baseline
2024-01-06,P0009,717.8359402152703,58.6624,9.566666666666666,baseline
2024-01-07,P0009,725.4573246137901,58.6624,9.566666666666666,baseline
2024-01-08,P0009,723.14871681393,58.6624,9.566666666666666,baseline
2024-01-09,P0009,721.2566001167733,58.6624,9.566666666666666,baseline
2024-01-10,P0009,721.235489626773,58.6624,9.566666666666666,baseline
2024-01-11,P0009,721.158929553507,58.6624,9.566666666666666,baseline
2024-01-12,P0009,721.197517706654,58.6624,9.566666666666666,baseline
2024-01-13,P0009,721.323353568711,58.6624,9.566666666666666,baseline
2024-01-14,P0009,721.2419724404875,58.6624,9.566666666666666,baseline
2024-01-15,P0009,721.317463328172,58.6624,9.566666666666666,baseline
2024-01-16,P0009,721.3864315375073,58.6624,9.566666666666666,baseline
2024-01-17,P0009,721.4259069400091,58.6624,9.566666666666666,baseline
2024-01-18,P0009,721.4663126896822,58.6624,9.566666666666666,baseline
2024-01-19,P0009,721.5049546559567,58.6624,9.566666666666666,baseline
2024-01-20,P0009,721.5422734519756,58.6624,9.566666666666666,baseline
2024-01-21,P0009,721.5829193505024,58.6624,9.566666666666666,baseline
2024-01-22,P0009,721.621142551328,58.6624,9.566666666666666,baseline
2024-01-23,P0009,721.6595234313143,58.6624,9.566666666666666,baseline
2024-01-24,P0009,721.698424741457,58.6624,9.566666666666666,baseline
2024-01-25,P0009,721.7373660303987,58.6624,9.566666666666666,baseline
2024-01-26,P0009,721.7763898446383,58.6624,9.566666666666666,baseline
2024-01-27,P0009,721.8154892258841,58.6624,9.566666666666666,baseline
2024-01-28,P0009,721.8545907356666,58.6624,9.566666666666666,baseline
2024-01-29,P0009,721.8937851765148,58.6624,9.566666666666666,baseline
2024-01-30,P0009,721.9330317983615,58.6624,9.566666666666666,baseline
2024-01-31,P0009,721.9723248725367,58.6624,9.566666666666666,baseline
2024-02-01,P0009,722.011671986469,58.6624,9.566666666666666,baseline
2024-02-02,P0009,722.0510724682515,58.6624,9.566666666666666,baseline
2024-02-03,P0009,722.0905264277717,58.6624,9.566666666666666,baseline
2024-02-04,P0009,722.1300350247915,58.6624,9.566666666666666,baseline
2024-02-05,P0009,722.1695968253306,58.6624,9.566666666666666,baseline
2024-02-06,P0009,722.2092124729261,58.6624,9.566666666666666,baseline
2024-02-07,P0009,722.2488820580468,58.6624,9.566666666666666,baseline
2024-02-08,P0009,722.2886054608698,58.6624,9.566666666666666,baseline
2024-02-09,P0009,722.328382692006,58.6624,9.566666666666666,baseline
2024-02-10,P0009,722.3682137497201,58.6624,9.566666666666666,baseline
2024-02-11,P0009,722.4080986156968,58.6624,9.566666666666666,baseline
2024-02-12,P0009,722.4480373125818,58.6624,9.566666666666666,baseline
2024-02-13,P0009,722.4880298302124,58.6624,9.566666666666666,baseline
2024-02-14,P0009,722.5280761671598,58.6624,9.566666666666666,baseline
2024-02-15,P0009,722.5681763253162,58.6624,9.566666666666666,baseline
2024-02-16,P0009,722.6083303045142,58.6624,9.566666666666666,baseline
2024-02-17,P0009,722.648538104781,58.6624,9.566666666666666,baseline
2024-02-18,P0009,722.6887997264059,58.6624,9.566666666666666,baseline
2024-02-19,P0009,722.7291151690314,58.6624,9.566666666666666,baseline
2024-02-20,P0009,722.7694844328179,58.6624,9.566666666666666,baseline
2024-02-21,P0009,722.8099075177879,58.6624,9.566666666666666,baseline
2024-02-22,P0009,722.8503844239116,58.6624,9.566666666666666,baseline
2024-02-23,P0009,722.8909151511916,58.6624,9.566666666666666,baseline
2024-02-24,P0009,722.9314996996276,58.6624,9.566666666666666,baseline
2024-02-25,P0009,722.9721380692148,58.6624,9.566666666666666,baseline
2024-01-02,P0010,611.9351865817003,52.46493333333333,10.633333333333333,baseline
2024-01-03,P0010,712.2181065257965,52.46493333333333,10.633333333333333,baseline
2024-01-04,P0010,711.8647319719598,52.46493333333333,10.633333333333333,baseline
2024-01-05,P0010,712.2024453379072,52.46493333333333,10.633333333333333,baseline
2024-01-06,P0010,711.4762340425559,52.46493333333333,10.633333333333333,baseline
2024-01-07,P0010,711.3021553586137,52.46493333333333,10.633333333333333,baseline
2024-01-08,P0010,711.8114355982358,52.46493333333333,10.633333333333333,baseline
2024-01-09,P0010,711.107889828913,52.46493333333333,10.633333333333333,baseline
2024-01-10,P0010,711.0432044152748,52.46493333333333,10.633333333333333,baseline
2024-01-11,P0010,710.9552518533221,52.46493333333333,10.633333333333333,baseline
2024-01-12,P0010,710.8682094042098,52.46493333333333,10.633333333333333,baseline
2024-01-13,P0010,710.7794531645727,52.46493333333333,10.633333333333333,baseline
2024-01-14,P0010,710.6913992870205,52.46493333333333,10.633333333333333,baseline
2024-01-15,P0010,710.6042439668258,52.46493333333333,10.633333333333333,baseline
2024-01-16,P0010,710.5151522350455,52.46493333333333,10.633333333333333,baseline
2024-01-17,P0010,710.4268925312163,52.46493333333333,10.633333333333333,baseline
2024-01-18,P0010,710.3384749144952,52.46493333333333,10.633333333333333,baseline
2024-01-19,P0010,710.249935532087,52.46493333333333,10.633333333333333,baseline
2024-01-20,P0010,710.1612704610174,52.46493333333333,10.633333333333333,baseline
2024-01-21,P0010,710.0724833136542,52.46493333333333,10.633333333333333,baseline
2024-01-22,P0010,709.9835743833273,52.46493333333333,10.633333333333333,baseline
2024-01-23,P0010,709.8945394315003,52.46493333333333,10.633333333333333,baseline
2024-01-24,P0010,709.8053825972421,52.46493333333333,10.633333333333333,baseline
2024-01-25,P0010,709.716102400501,52.46493333333333,10.633333333333333,baseline
2024-01-26,P0010,709.6266988953204,52.46493333333333,10.633333333333333,baseline
2024-01-27,P0010,709.5371720758351,52.46493333333333,10.633333333333333,baseline
2024-01-28,P0010,709.4475219474459,52.46493333333333,10.633333333333333,baseline
2024-01-29,P0010,709.3577485105915,52.46493333333333,10.633333333333333,baseline
2024-01-30,P0010,709.2678517589346,52.46493333333333,10.633333333333333,baseline
2024-01-31,P0010,709.1778316986638,52.46493333333333,10.633333333333333,baseline
2024-02-01,P0010,709.0876883275662,52.46493333333333,10.633333333333333,baseline
2024-02-02,P0010,708.9974216457225,52.46493333333333,10.633333333333333,baseline
2024-02-03,P0010,708.907031653124,52.46493333333333,10.633333333333333,baseline
2024-02-04,P0010,708.8165183497788,52.46493333333333,10.633333333333333,baseline
2024-02-05,P0010,708.7258817356875,52.46493333333333,10.633333333333333,baseline
2024-02-06,P0010,708.6351218108406,52.46493333333333,10.633333333333333,baseline
2024-02-07,P0010,708.5442385752474,52.46493333333333,10.633333333333333,baseline
2024-02-08,P0010,708.4532320289046,52.46493333333333,10.633333333333333,baseline
2024-02-09,P0010,708.3621021718124,52.46493333333333,10.633333333333333,baseline
2024-02-10,P0010,708.2708490039706,52.46493333333333,10.633333333333333,baseline
2024-02-11,P0010,708.1794725253793,52.46493333333333,10.633333333333333,baseline
2024-02-12,P0010,708.0879727360385,52.46493333333333,10.633333333333333,baseline
2024-02-13,P0010,707.9963496359483,52.46493333333333,10.633333333333333,baseline
2024-02-14,P0010,707.9046032251085,52.46493333333333,10.633333333333333,baseline
2024-02-15,P0010,707.8127335035193,52.46493333333333,10.633333333333333,baseline
2024-02-16,P0010,707.7207404711805,52.46493333333333,10.633333333333333,baseline
2024-02-17,P0010,707.6286241280923,52.46493333333333,10.633333333333333,baseline
2024-02-18,P0010,707.5363844742545,52.46493333333333,10.633333333333333,baseline
2024-02-19,P0010,707.4440215096673,52.46493333333333,10.633333333333333,baseline
2024-02-20,P0010,707.3515352343306,52.46493333333333,10.633333333333333,baseline
2024-02-21,P0010,707.2589256482445,52.46493333333333,10.633333333333333,baseline
2024-02-22,P0010,707.1661927514087,52.46493333333333,10.633333333333333,baseline
2024-02-23,P0010,707.0733365438235,52.46493333333333,10.633333333333333,baseline
2024-02-24,P0010,706.9803570254888,52.46493333333333,10.633333333333333,baseline
2024-02-25,P0010,706.8872541964047,52.46493333333333,10.633333333333333,baseline
2024-01-02,P0011,701.269979928305,57.44086666666667,10.2,baseline
2024-01-03,P0011,611.8622219864604,57.44086666666667,10.2,baseline
2024-01-04,P0011,623.4916803345549,57.44086666666667,10.2,baseline
2024-01-05,P0011,623.9426169430085,57.44086666666667,10.2,baseline
2024-01-06,P0011,618.6148696217593,57.44086666666667,10.2,baseline
2024-01-07,P0011,631.9368083332831,57.44086666666667,10.2,baseline
2024-01-08,P0011,624.7230515329173,57.44086666666667,10.2,baseline
2024-01-09,P0011,624.7497549550679,57.44086666666667,10.2,baseline
2024-01-10,P0011,625.0555205582865,57.44086666666667,10.2,baseline
2024-01-11,P0011,625.040603232236,57.44086666666667,10.2,baseline
2024-01-12,P0011,625.209465847459,57.44086666666667,10.2,baseline
2024-01-13,P0011,625.4734523956306,57.44086666666667,10.2,baseline
2024-01-14,P0011,625.4314912433034,57.44086666666667,10.2,baseline
2024-01-15,P0011,625.726938660565,57.44086666666667,10.2,baseline
2024-01-16,P0011,625.9037581550747,57.44086666666667,10.2,baseline
2024-01-17,P0011,626.0762438564797,57.44086666666667,10.2,baseline
2024-01-18,P0011,626.2542425433995,57.44086666666667,10.2,baseline
2024-01-19,P0011,626.4294718069868,57.44086666666667,10.2,baseline
2024-01-20,P0011,626.6033872257403,57.44086666666667,10.2,baseline
2024-01-21,P0011,626.7825737030081,57.44086666666667,10.2,baseline
2024-01-22,P0011,626.9564684402683,57.44086666666667,10.2,baseline
2024-01-23,P0011,627.1325587688972,57.44086666666667,10.2,baseline
2024-01-24,P0011,627.3089681767354,57.44086666666667,10.2,baseline
2024-01-25,P0011,627.4855349966889,57.44086666666667,10.2,baseline
2024-01-26,P0011,627.6623952116025,57.44086666666667,10.2,baseline
2024-01-27,P0011,627.839524923392,57.44086666666667,10.2,baseline
2024-01-28,P0011,628.01681601932,57.44086666666667,10.2,baseline
2024-01-29,P0011,628.1944419222906,57.44086666666667,10.2,baseline
2024-01-30,P0011,628.3722797032573,57.44086666666667,10.2,baseline
2024-01-31,P0011,628.550360171308,57.44086666666667,10.2,baseline
2024-02-01,P0011,628.728685980737,57.44086666666667,10.2,baseline
2024-02-02,P0011,628.9072548989411,57.44086666666667,10.2,baseline
2024-02-03,P0011,629.0860673182855,57.44086666666667,10.2,baseline
2024-02-04,P0011,629.2651250137944,57.44086666666667,10.2,baseline
2024-02-05,P0011,629.4444251381635,57.44086666666667,10.2,baseline
2024-02-06,P0011,629.6239697096754,57.44086666666667,10.2,baseline
2024-02-07,P0011,629.803758222498,57.44086666666667,10.2,baseline
2024-02-08,P0011,629.9837906330524,57.44086666666667,10.2,baseline
2024-02-09,P0011,630.164066977994,57.44086666666667,10.2,baseline
2024-02-10,P0011,630.344587250881,57.44086666666667,10.2,baseline
2024-02-11,P0011,630.5253514225705,57.44086666666667,10.2,baseline
2024-02-12,P0011,630.7063595398103,57.44086666666667,10.2,baseline
2024-02-13,P0011,630.8876115694636,57.44086666666667,10.2,baseline
2024-02-14,P0011,631.0691075198355,57.44086666666667,10.2,baseline
2024-02-15,P0011,631.2508473916413,57.44086666666667,10.2,baseline
2024-02-16,P0011,631.4328311842793,57.44086666666667,10.2,baseline
2024-02-17,P0011,631.6150588978552,57.44086666666667,10.2,baseline
2024-02-18,P0011,631.7975305328475,57.44086666666667,10.2,baseline
2024-02-19,P0011,631.9802460884887,57.44086666666667,10.2,baseline
2024-02-20,P0011,632.1632055653228,57.44086666666667,10.2,baseline
2024-02-21,P0011,632.3464089632134,57.44086666666667,10.2,baseline
2024-02-22,P0011,632.5298562821489,57.44086666666667,10.2,baseline
2024-02-23,P0011,632.7135475221392,57.44086666666667,10.2,baseline
2024-02-24,P0011,632.8974826831824,57.44086666666667,10.2,baseline
2024-02-25,P0011,633.0816617652707,57.44086666666667,10.2,baseline
2024-01-02,P0012,801.8228494519157,58.48693333333335,9.466666666666667,baseline
2024-01-03,P0012,788.3104558625008,58.48693333333335,9.466666666666667,baseline
2024-01-04,P0012,779.7291204634666,58.48693333333335,9.466666666666667,baseline
2024-01-05,P0012,777.7799600020835,58.48693333333335,9.466666666666667,baseline
2024-01-06,P0012,792.1329454206158,58.48693333333335,9.466666666666667,baseline
2024-01-07,P0012,784.6520287931521,58.48693333333335,9.466666666666667,baseline
2024-01-08,P0012,793.188482353622,58.48693333333335,9.466666666666667,baseline
2024-01-09,P0012,783.964211690058,58.48693333333335,9.466666666666667,baseline
2024-01-10,P0012,784.2876804906127,58.48693333333335,9.466666666666667,baseline
2024-01-11,P0012,784.5033907931057,58.48693333333335,9.466666666666667,baseline
2024-01-12,P0012,784.5741544076245,58.48693333333335,9.466666666666667,baseline
2024-01-13,P0012,784.2885756532452,58.48693333333335,9.466666666666667,baseline
2024-01-14,P0012,784.4803484329441,58.48693333333335,9.466666666666667,baseline
2024-01-15,P0012,784.3220043382868,58.48693333333335,9.466666666666667,baseline
2024-01-16,P0012,784.5519678494406,58.48693333333335,9.466666666666667,baseline
2024-01-17,P0012,784.5732473819442,58.48693333333335,9.466666666666667,baseline
2024-01-18,P0012,784.5969222221692,58.48693333333335,9.466666666666667,baseline
2024-01-19,P0012,784.6238053428509,58.48693333333335,9.466666666666667,baseline
2024-01-20,P0012,784.658518074722,58.48693333333335,9.466666666666667,baseline
2024-01-21,P0012,784.6828349969101,58.48693333333335,9.466666666666667,baseline
2024-01-22,P0012,784.7148454344641,58.48693333333335,9.466666666666667,baseline
2024-01-23,P0012,784.7384066557588,58.48693333333335,9.466666666666667,baseline
2024-01-24,P0012,784.7665695213619,58.48693333333335,9.466666666666667,baseline
2024-01-25,P0012,784.7947196172568,58.48693333333335,9.466666666666667,baseline
2024-01-26,P0012,784.8228391710089,58.48693333333335,9.466666666666667,baseline
2024-01-27,P0012,784.850827155494,58.48693333333335,9.466666666666667,baseline
2024-01-28,P0012,784.8790819974785,58.48693333333335,9.466666666666667,baseline
2024-01-29,P0012,784.9072082453929,58.48693333333335,9.466666666666667,baseline
2024-01-30,P0012,784.9355587962381,58.48693333333335,9.466666666666667,baseline
2024-01-31,P0012,784.9638483445491,58.48693333333335,9.466666666666667,baseline
2024-02-01,P0012,784.9921777662437,58.48693333333335,9.466666666666667,baseline
2024-02-02,P0012,785.0205474498457,58.48693333333335,9.466666666666667,baseline
2024-02-03,P0012,785.0489596039139,58.48693333333335,9.466666666666667,baseline
2024-02-04,P0012,785.0774055184223,58.48693333333335,9.466666666666667,baseline
2024-02-05,P0012,785.105893838356,58.48693333333335,9.466666666666667,baseline
2024-02-06,P0012,785.1344168490173,58.48693333333335,9.466666666666667,baseline
2024-02-07,P0012,785.1629807874821,58.48693333333335,9.466666666666667,baseline
2024-02-08,P0012,785.1915834484973,58.48693333333335,9.466666666666667,baseline
2024-02-09,P0012,785.2202248235695,58.48693333333335,9.466666666666667,baseline
2024-02-10,P0012,785.2489048644172,58.48693333333335,9.466666666666667,baseline
2024-02-11,P0012,785.2776237614507,58.48693333333335,9.466666666666667,baseline
2024-02-12,P0012,785.3063813256816,58.48693333333335,9.466666666666667,baseline
2024-02-13,P0012,785.3351777257612,58.48693333333335,9.466666666666667,baseline
2024-02-14,P0012,785.3640128253406,58.48693333333335,9.466666666666667,baseline
2024-02-15,P0012,785.3928866726288,58.48693333333335,9.466666666666667,baseline
2024-02-16,P0012,785.4217992678116,58.48693333333335,9.466666666666667,baseline
2024-02-17,P0012,785.4507506119444,58.48693333333335,9.466666666666667,baseline
2024-02-18,P0012,785.4797407008647,58.48693333333335,9.466666666666667,baseline
2024-02-19,P0012,785.5087695387039,58.48693333333335,9.466666666666667,baseline
2024-02-20,P0012,785.5378371217752,58.48693333333335,9.466666666666667,baseline
2024-02-21,P0012,785.5669434530593,58.48693333333335,9.466666666666667,baseline
2024-02-22,P0012,785.5960885315022,58.48693333333335,9.466666666666667,baseline
2024-02-23,P0012,785.6252723571,58.48693333333335,9.466666666666667,baseline
2024-02-24,P0012,785.6544949298295,58.48693333333335,9.466666666666667,baseline
2024-02-25,P0012,785.6837562497818,58.48693333333335,9.466666666666667,baseline
2024-01-02,P0013,652.8011328769378,54.58773333333333,10.7,baseline
2024-01-03,P0013,564.1918706981126,54.58773333333333,10.7,baseline
2024-01-04,P0013,568.877642228314,54.58773333333333,10.7,baseline
2024-01-05,P0013,560.4368384660052,54.58773333333333,10.7,baseline
2024-01-06,P0013,570.2267852324444,54.58773333333333,10.7,baseline
2024-01-07,P0013,581.6381761117052,54.58773333333333,10.7,baseline
2024-01-08,P0013,572.5096955787919,54.58773333333333,10.7,baseline
2024-01-09,P0013,572.55638240746,54.58773333333333,10.7,baseline
2024-01-10,P0013,572.9074398360428,54.58773333333333,10.7,baseline
2024-01-11,P0013,572.5952469749654,54.58773333333333,10.7,baseline
2024-01-12,P0013,572.760950527341,54.58773333333333,10.7,baseline
2024-01-13,P0013,572.2624548550948,54.58773333333333,10.7,baseline
2024-01-14,P0013,571.7047036488079,54.58773333333333,10.7,baseline
2024-01-15,P0013,571.8948557184949,54.58773333333333,10.7,baseline
2024-01-16,P0013,571.7506307586793,54.58773333333333,10.7,baseline
2024-01-17,P0013,571.5951206792231,54.58773333333333,10.7,baseline
2024-01-18,P0013,571.4635681409193,54.58773333333333,10.7,baseline
2024-01-19,P0013,571.3144103306804,54.58773333333333,10.7,baseline
2024-01-20,P0013,571.1892446236766,54.58773333333333,10.7,baseline
2024-01-21,P0013,571.0660377778436,54.58773333333333,10.7,baseline
2024-01-22,P0013,570.9153914777321,54.58773333333333,10.7,baseline
2024-01-23,P0013,570.7767245061523,54.58773333333333,10.7,baseline
2024-01-24,P0013,570.638269218661,54.58773333333333,10.7,baseline
2024-01-25,P0013,570.4987420080593,54.58773333333333,10.7,baseline
2024-01-26,P0013,570.359656673955,54.58773333333333,10.7,baseline
2024-01-27,P0013,570.2194981579212,54.58773333333333,10.7,baseline
2024-01-28,P0013,570.0790689540795,54.58773333333333,10.7,baseline
2024-01-29,P0013,569.9394398070478,54.58773333333333,10.7,baseline
2024-01-30,P0013,569.7991750070285,54.58773333333333,10.7,baseline
2024-01-31,P0013,569.6587031548358,54.58773333333333,10.7,baseline
2024-02-01,P0013,569.5180710019756,54.58773333333333,10.7,baseline
2024-02-02,P0013,569.3772234128805,54.58773333333333,10.7,baseline
2024-02-03,P0013,569.2362155689664,54.58773333333333,10.7,baseline
2024-02-04,P0013,569.0950182418148,54.58773333333333,10.7,baseline
2024-02-05,P0013,568.9535924327954,54.58773333333333,10.7,baseline
2024-02-06,P0013,568.8119904332898,54.58773333333333,10.7,baseline
2024-02-07,P0013,568.6701966328117,54.58773333333333,10.7,baseline
2024-02-08,P0013,568.5282093285784,54.58773333333333,10.7,baseline
2024-02-09,P0013,568.3860305287367,54.58773333333333,10.7,baseline
2024-02-10,P0013,568.24365822347,54.58773333333333,10.7,baseline
2024-02-11,P0013,568.1010934773353,54.58773333333333,10.7,baseline
2024-02-12,P0013,567.9583377107397,54.58773333333333,10.7,baseline
2024-02-13,P0013,567.8153890191277,54.58773333333333,10.7,baseline
2024-02-14,P0013,567.672247971064,54.58773333333333,10.7,baseline
2024-02-15,P0013,567.5289146285677,54.58773333333333,10.7,baseline
2024-02-16,P0013,567.3853889184977,54.58773333333333,10.7,baseline
2024-02-17,P0013,567.2416709140555,54.58773333333333,10.7,baseline
2024-02-18,P0013,567.0977605764681,54.58773333333333,10.7,baseline
2024-02-19,P0013,566.9536578540012,54.58773333333333,10.7,baseline
2024-02-20,P0013,566.8093628160227,54.58773333333333,10.7,baseline
2024-02-21,P0013,566.6648754418243,54.58773333333333,10.7,baseline
2024-02-22,P0013,566.520195729147,54.58773333333333,10.7,baseline
2024-02-23,P0013,566.3753236806547,54.58773333333333,10.7,baseline
2024-02-24,P0013,566.2302592936815,54.58773333333333,10.7,baseline
2024-02-25,P0013,566.0850025696395,54.58773333333333,10.7,baseline
2024-01-02,P0014,620.4264642017436,54.50973333333333,10.833333333333334,baseline
2024-01-03,P0014,559.7809785275842,54.50973333333333,10.833333333333334,baseline
2024-01-04,P0014,554.8979953932854,54.50973333333333,10.833333333333334,baseline
2024-01-05,P0014,561.8873412104862,54.50973333333333,10.833333333333334,baseline
2024-01-06,P0014,606.565994744136,54.50973333333333,10.833333333333334,baseline
2024-01-07,P0014,603.1605634300104,54.50973333333333,10.833333333333334,baseline
2024-01-08,P0014,608.4215756291752,54.50973333333333,10.833333333333334,baseline
2024-01-09,P0014,587.9286103327763,54.50973333333333,10.833333333333334,baseline
2024-01-10,P0014,584.9577920436639,54.50973333333333,10.833333333333334,baseline
2024-01-11,P0014,584.498948101326,54.50973333333333,10.833333333333334,baseline
2024-01-12,P0014,585.0828060954285,54.50973333333333,10.833333333333334,baseline
2024-01-13,P0014,588.9768658309105,54.50973333333333,10.833333333333334,baseline
2024-01-14,P0014,588.647668312469,54.50973333333333,10.833333333333334,baseline
2024-01-15,P0014,589.0796004879534,54.50973333333333,10.833333333333334,baseline
2024-01-16,P0014,587.2495240330036,54.50973333333333,10.833333333333334,baseline
2024-01-17,P0014,586.9583718438408,54.50973333333333,10.833333333333334,baseline
2024-01-18,P0014,586.8878036185387,54.50973333333333,10.833333333333334,baseline
2024-01-19,P0014,586.9087734708929,54.50973333333333,10.833333333333334,baseline
2024-01-20,P0014,587.2204354309786,54.50973333333333,10.833333333333334,baseline
2024-01-21,P0014,587.1611273826397,54.50973333333333,10.833333333333334,baseline
2024-01-22,P0014,587.1686269812283,54.50973333333333,10.833333333333334,baseline
2024-01-23,P0014,586.9774126247319,54.50973333333333,10.833333333333334,baseline
2024-01-24,P0014,586.9213194485176,54.50973333333333,10.833333333333334,baseline
2024-01-25,P0014,586.8845579016595,54.50973333333333,10.833333333333334,baseline
2024-01-26,P0014,586.8557939111638,54.50973333333333,10.833333333333334,baseline
2024-01-27,P0014,586.8525191335277,54.50973333333333,10.833333333333334,baseline
2024-01-28,P0014,586.8166199245103,54.50973333333333,10.833333333333334,baseline
2024-01-29,P0014,586.7865462033355,54.50973333333333,10.833333333333334,baseline
2024-01-30,P0014,586.7389772636476,54.50973333333333,10.833333333333334,baseline
2024-01-31,P0014,586.7032337750422,54.50973333333333,10.833333333333334,baseline
2024-02-01,P0014,586.66914596566,54.50973333333333,10.833333333333334,baseline
2024-02-02,P0014,586.6357183662582,54.50973333333333,10.833333333333334,baseline
2024-02-03,P0014,586.6044872653412,54.50973333333333,10.833333333333334,baseline
2024-02-04,P0014,586.5703485537805,54.50973333333333,10.833333333333334,baseline
2024-02-05,P0014,586.5366792798799,54.50973333333333,10.833333333333334,baseline
2024-02-06,P0014,586.5014311909139,54.50973333333333,10.833333333333334,baseline
2024-02-07,P0014,586.4671795151149,54.50973333333333,10.833333333333334,baseline
2024-02-08,P0014,586.4330310435636,54.50973333333333,10.833333333333334,baseline
2024-02-09,P0014,586.3988983444059,54.50973333333333,10.833333333333334,baseline
2024-02-10,P0014,586.3649163495376,54.50973333333333,10.833333333333334,baseline
2024-02-11,P0014,586.3306367661294,54.50973333333333,10.833333333333334,baseline
2024-02-12,P0014,586.2963561996221,54.50973333333333,10.833333333333334,baseline
2024-02-13,P0014,586.2618947524106,54.50973333333333,10.833333333333334,baseline
2024-02-14,P0014,586.2274786062479,54.50973333333333,10.833333333333334,baseline
2024-02-15,P0014,586.1930293107828,54.50973333333333,10.833333333333334,baseline
2024-02-16,P0014,586.1585391868939,54.50973333333333,10.833333333333334,baseline
2024-02-17,P0014,586.1240200856212,54.50973333333333,10.833333333333334,baseline
2024-02-18,P0014,586.0894326335,54.50973333333333,10.833333333333334,baseline
2024-02-19,P0014,586.0548028813237,54.50973333333333,10.833333333333334,baseline
2024-02-20,P0014,586.0201150287235,54.50973333333333,10.833333333333334,baseline
2024-02-21,P0014,585.9853889411951,54.50973333333333,10.833333333333334,baseline
2024-02-22,P0014,585.9506177284607,54.50973333333333,10.833333333333334,baseline
2024-02-23,P0014,585.9158007160646,54.50973333333333,10.833333333333334,baseline
2024-02-24,P0014,585.8809389448813,54.50973333333333,10.833333333333334,baseline
2024-02-25,P0014,585.8460289567477,54.50973333333333,10.833333333333334,baseline
2024-01-02,P0015,654.9029535864581,58.86753333333333,9.866666666666667,baseline
2024-01-03,P0015,659.3700986391375,58.86753333333333,9.866666666666667,baseline
2024-01-04,P0015,669.4594056045463,58.86753333333333,9.866666666666667,baseline
2024-01-05,P0015,653.1973233706358,58.86753333333333,9.866666666666667,baseline
2024-01-06,P0015,643.0147877362183,58.86753333333333,9.866666666666667,baseline
2024-01-07,P0015,652.0708228536678,58.86753333333333,9.866666666666667,baseline
2024-01-08,P0015,653.4107075433154,58.86753333333333,9.866666666666667,baseline
2024-01-09,P0015,659.1237335629663,58.86753333333333,9.866666666666667,baseline
2024-01-10,P0015,659.5508835504315,58.86753333333333,9.866666666666667,baseline
2024-01-11,P0015,659.2984860472492,58.86753333333333,9.866666666666667,baseline
2024-01-12,P0015,659.9087885923414,58.86753333333333,9.866666666666667,baseline
2024-01-13,P0015,660.3201920105429,58.86753333333333,9.866666666666667,baseline
2024-01-14,P0015,660.1019468078276,58.86753333333333,9.866666666666667,baseline
2024-01-15,P0015,660.1363929187769,58.86753333333333,9.866666666666667,baseline
2024-01-16,P0015,660.0277976319442,58.86753333333333,9.866666666666667,baseline
2024-01-17,P0015,660.092340687816,58.86753333333333,9.866666666666667,baseline
2024-01-18,P0015,660.179237828714,58.86753333333333,9.866666666666667,baseline
2024-01-19,P0015,660.2380048895999,58.86753333333333,9.866666666666667,baseline
2024-01-20,P0015,660.3033924190146,58.86753333333333,9.866666666666667,baseline
2024-01-21,P0015,660.3895006362796,58.86753333333333,9.866666666666667,baseline
2024-01-22,P0015,660.467446892045,58.86753333333333,9.866666666666667,baseline
2024-01-23,P0015,660.550185160956,58.86753333333333,9.866666666666667,baseline
2024-01-24,P0015,660.6273655673941,58.86753333333333,9.866666666666667,baseline
2024-01-25,P0015,660.703923906138,58.86753333333333,9.866666666666667,baseline
2024-01-26,P0015,660.7815127335091,58.86753333333333,9.866666666666667,baseline
2024-01-27,P0015,660.8589945197766,58.86753333333333,9.866666666666667,baseline
2024-01-28,P0015,660.935907706221,58.86753333333333,9.866666666666667,baseline
2024-01-29,P0015,661.01319774187,58.86753333333333,9.866666666666667,baseline
2024-01-30,P0015,661.0904405893516,58.86753333333333,9.866666666666667,baseline
2024-01-31,P0015,661.1679750430651,58.86753333333333,9.866666666666667,baseline
2024-02-01,P0015,661.2456395339551,58.86753333333333,9.866666666666667,baseline
2024-02-02,P0015,661.3233799669922,58.86753333333333,9.866666666666667,baseline
2024-02-03,P0015,661.4012335782471,58.86753333333333,9.866666666666667,baseline
2024-02-04,P0015,661.4792154764531,58.86753333333333,9.866666666666667,baseline
2024-02-05,P0015,661.5572947131382,58.86753333333333,9.866666666666667,baseline
2024-02-06,P0015,661.635485168806,58.86753333333333,9.866666666666667,baseline
2024-02-07,P0015,661.7137757533094,58.86753333333333,9.866666666666667,baseline
2024-02-08,P0015,661.7921717554742,58.86753333333333,9.866666666666667,baseline
2024-02-09,P0015,661.8706749460555,58.86753333333333,9.866666666666667,baseline
2024-02-10,P0015,661.9492841061619,58.86753333333333,9.866666666666667,baseline
2024-02-11,P0015,662.027998741222,58.86753333333333,9.866666666666667,baseline
2024-02-12,P0015,662.1068198643076,58.86753333333333,9.866666666666667,baseline
2024-02-13,P0015,662.1857470210523,58.86753333333333,9.866666666666667,baseline
2024-02-14,P0015,662.2647805744826,58.86753333333333,9.866666666666667,baseline
2024-02-15,P0015,662.3439203514735,58.86753333333333,9.866666666666667,baseline
2024-02-16,P0015,662.4231662940605,58.86753333333333,9.866666666666667,baseline
2024-02-17,P0015,662.5025184421431,58.86753333333333,9.866666666666667,baseline
2024-02-18,P0015,662.5819768119109,58.86753333333333,9.866666666666667,baseline
2024-02-19,P0015,662.6615413702015,58.86753333333333,9.866666666666667,baseline
2024-02-20,P0015,662.7412121318883,58.86753333333333,9.866666666666667,baseline
2024-02-21,P0015,662.8209890850882,58.86753333333333,9.866666666666667,baseline
2024-02-22,P0015,662.900872235468,58.86753333333333,9.866666666666667,baseline
2024-02-23,P0015,662.9808615849252,58.86753333333333,9.866666666666667,baseline
2024-02-24,P0015,663.0609571321537,58.86753333333333,9.866666666666667,baseline
2024-02-25,P0015,663.1411588766236,58.86753333333333,9.866666666666667,baseline
2024-01-02,P0016,796.7557451691564,54.15466666666667,9.566666666666666,baseline
2024-01-03,P0016,739.0500772817064,54.15466666666667,9.566666666666666,baseline
2024-01-04,P0016,731.6826039432315,54.15466666666667,9.566666666666666,baseline
2024-01-05,P0016,733.9335786358968,54.15466666666667,9.566666666666666,baseline
2024-01-06,P0016,734.3538500370927,54.15466666666667,9.566666666666666,baseline
2024-01-07,P0016,734.336441969447,54.15466666666667,9.566666666666666,baseline
2024-01-08,P0016,734.274455086298,54.15466666666667,9.566666666666666,baseline
2024-01-09,P0016,734.7857855257545,54.15466666666667,9.566666666666666,baseline
2024-01-10,P0016,734.8493929257352,54.15466666666667,9.566666666666666,baseline
2024-01-11,P0016,734.984173961764,54.15466666666667,9.566666666666666,baseline
2024-01-12,P0016,735.0216298082049,54.15466666666667,9.566666666666666,baseline
2024-01-13,P0016,735.077710683715,54.15466666666667,9.566666666666666,baseline
2024-01-14,P0016,735.1383088685634,54.15466666666667,9.566666666666666,baseline
2024-01-15,P0016,735.1994432723029,54.15466666666667,9.566666666666666,baseline
2024-01-16,P0016,735.2548562090448,54.15466666666667,9.566666666666666,baseline
2024-01-17,P0016,735.3148881704535,54.15466666666667,9.566666666666666,baseline
2024-01-18,P0016,735.3742840785251,54.15466666666667,9.566666666666666,baseline
2024-01-19,P0016,735.4347503895042,54.15466666666667,9.566666666666666,baseline
2024-01-20,P0016,735.4951128282945,54.15466666666667,9.566666666666666,baseline
2024-01-21,P0016,735.5555142695205,54.15466666666667,9.566666666666666,baseline
2024-01-22,P0016,735.6159950313069,54.15466666666667,9.566666666666666,baseline
2024-01-23,P0016,735.6766184877876,54.15466666666667,9.566666666666666,baseline
2024-01-24,P0016,735.7372799165913,54.15466666666667,9.566666666666666,baseline
2024-01-25,P0016,735.7980325380338,54.15466666666667,9.566666666666666,baseline
2024-01-26,P0016,735.8588590701374,54.15466666666667,9.566666666666666,baseline
2024-01-27,P0016,735.9197714052646,54.15466666666667,9.566666666666666,baseline
2024-01-28,P0016,735.9807680964656,54.15466666666667,9.566666666666666,baseline
2024-01-29,P0016,736.0418487354224,54.15466666666667,9.566666666666666,baseline
2024-01-30,P0016,736.1030126803194,54.15466666666667,9.566666666666666,baseline
2024-01-31,P0016,736.1642609917226,54.15466666666667,9.566666666666666,baseline
2024-02-01,P0016,736.2255931306482,54.15466666666667,9.566666666666666,baseline
2024-02-02,P0016,736.287009272118,54.15466666666667,9.566666666666666,baseline
2024-02-03,P0016,736.348509295693,54.15466666666667,9.566666666666666,baseline
2024-02-04,P0016,736.4100932160272,54.15466666666667,9.566666666666666,baseline
2024-02-05,P0016,736.4717610372558,54.15466666666667,9.566666666666666,baseline
2024-02-06,P0016,736.5335127658785,54.15466666666667,9.566666666666666,baseline
2024-02-07,P0016,736.5953483911547,54.15466666666667,9.566666666666666,baseline
2024-02-08,P0016,736.657267918543,54.15466666666667,9.566666666666666,baseline
2024-02-09,P0016,736.7192713462707,54.15466666666667,9.566666666666666,baseline
2024-02-10,P0016,736.7813586755576,54.15466666666667,9.566666666666666,baseline
2024-02-11,P0016,736.8435299062553,54.15466666666667,9.566666666666666,baseline
2024-02-12,P0016,736.9057850383219,54.15466666666667,9.566666666666666,baseline
2024-02-13,P0016,736.9681240716917,54.15466666666667,9.566666666666666,baseline
2024-02-14,P0016,737.0305470064733,54.15466666666667,9.566666666666666,baseline
2024-02-15,P0016,737.0930538426114,54.15466666666667,9.566666666666666,baseline
2024-02-16,P0016,737.1556445801241,54.15466666666667,9.566666666666666,baseline
2024-02-17,P0016,737.218319218999,54.15466666666667,9.566666666666666,baseline
2024-02-18,P0016,737.2810777592376,54.15466666666667,9.566666666666666,baseline
2024-02-19,P0016,737.3439202008403,54.15466666666667,9.566666666666666,baseline
2024-02-20,P0016,737.4068465438078,54.15466666666667,9.566666666666666,baseline
2024-02-21,P0016,737.4698567881389,54.15466666666667,9.566666666666666,baseline
2024-02-22,P0016,737.5329509338343,54.15466666666667,9.566666666666666,baseline
2024-02-23,P0016,737.5961289808937,54.15466666666667,9.566666666666666,baseline
2024-02-24,P0016,737.6593909293173,54.15466666666667,9.566666666666666,baseline
2024-02-25,P0016,737.722736779105,54.15466666666667,9.566666666666666,baseline
2024-01-02,P0017,688.2994138678868,53.10926666666666,10.0,baseline
2024-01-03,P0017,602.7761157458156,53.10926666666666,10.0,baseline
2024-01-04,P0017,604.092945400625,53.10926666666666,10.0,baseline
2024-01-05,P0017,605.0787024442038,53.10926666666666,10.0,baseline
2024-01-06,P0017,588.1679566462324,53.10926666666666,10.0,baseline
2024-01-07,P0017,597.4538782298837,53.10926666666666,10.0,baseline
2024-01-08,P0017,604.6907759829987,53.10926666666666,10.0,baseline
2024-01-09,P0017,599.6620061634455,53.10926666666666,10.0,baseline
2024-01-10,P0017,599.7157443989311,53.10926666666666,10.0,baseline
2024-01-11,P0017,599.885030005014,53.10926666666666,10.0,baseline
2024-01-12,P0017,600.0447524376357,53.10926666666666,10.0,baseline
2024-01-13,P0017,599.6777732293133,53.10926666666666,10.0,baseline
2024-01-14,P0017,600.0822259399229,53.10926666666666,10.0,baseline
2024-01-15,P0017,600.4265377998308,53.10926666666666,10.0,baseline
2024-01-16,P0017,600.4099237204662,53.10926666666666,10.0,baseline
2024-01-17,P0017,600.5431260428979,53.10926666666666,10.0,baseline
2024-01-18,P0017,600.6799139943691,53.10926666666666,10.0,baseline
2024-01-19,P0017,600.8166042335565,53.10926666666666,10.0,baseline
2024-01-20,P0017,600.9379718447572,53.10926666666666,10.0,baseline
2024-01-21,P0017,601.0822347816979,53.10926666666666,10.0,baseline
2024-01-22,P0017,601.2249109644042,53.10926666666666,10.0,baseline
2024-01-23,P0017,601.3571450709339,53.10926666666666,10.0,baseline
2024-01-24,P0017,601.4939737105856,53.10926666666666,10.0,baseline
2024-01-25,P0017,601.6310917478327,53.10926666666666,10.0,baseline
2024-01-26,P0017,601.7683907425485,53.10926666666666,10.0,baseline
2024-01-27,P0017,601.9054224626386,53.10926666666666,10.0,baseline
2024-01-28,P0017,602.0433120712084,53.10926666666666,10.0,baseline
2024-01-29,P0017,602.1813387988173,53.10926666666666,10.0,baseline
2024-01-30,P0017,602.3192419386362,53.10926666666666,10.0,baseline
2024-01-31,P0017,602.4574641788874,53.10926666666666,10.0,baseline
2024-02-01,P0017,602.5958787733912,53.10926666666666,10.0,baseline
2024-02-02,P0017,602.7344825295943,53.10926666666666,10.0,baseline
2024-02-03,P0017,602.873262251233,53.10926666666666,10.0,baseline
2024-02-04,P0017,603.0122510638901,53.10926666666666,10.0,baseline
2024-02-05,P0017,603.1514277476131,53.10926666666666,10.0,baseline
2024-02-06,P0017,603.2907846270116,53.10926666666666,10.0,baseline
2024-02-07,P0017,603.4303347351347,53.10926666666666,10.0,baseline
2024-02-08,P0017,603.5700743404864,53.10926666666666,10.0,baseline
2024-02-09,P0017,603.7100033490758,53.10926666666666,10.0,baseline
2024-02-10,P0017,603.850121372396,53.10926666666666,10.0,baseline
2024-02-11,P0017,603.9904293856869,53.10926666666666,10.0,baseline
2024-02-12,P0017,604.1309267642184,53.10926666666666,10.0,baseline
2024-02-13,P0017,604.2716132820219,53.10926666666666,10.0,baseline
2024-02-14,P0017,604.4124893227993,53.10926666666666,10.0,baseline
2024-02-15,P0017,604.5535547766926,53.10926666666666,10.0,baseline
2024-02-16,P0017,604.6948096409349,53.10926666666666,10.0,baseline
2024-02-17,P0017,604.8362539040879,53.10926666666666,10.0,baseline
2024-02-18,P0017,604.9778875948639,53.10926666666666,10.0,baseline
2024-02-19,P0017,605.1197106948698,53.10926666666666,10.0,baseline
2024-02-20,P0017,605.2617231974534,53.10926666666666,10.0,baseline
2024-02-21,P0017,605.4039251139109,53.10926666666666,10.0,baseline
2024-02-22,P0017,605.546316441008,53.10926666666666,10.0,baseline
2024-02-23,P0017,605.6888971786634,53.10926666666666,10.0,baseline
2024-02-24,P0017,605.8316673265404,53.10926666666666,10.0,baseline
2024-02-25,P0017,605.974626885484,53.10926666666666,10.0,baseline
2024-01-02,P0018,707.8355900897445,52.432599999999994,9.7,baseline
2024-01-03,P0018,664.3066684730752,52.432599999999994,9.7,baseline
2024-01-04,P0018,696.8815109557644,52.432599999999994,9.7,baseline
2024-01-05,P0018,647.0582404846609,52.432599999999994,9.7,baseline
2024-01-06,P0018,681.4763995495268,52.432599999999994,9.7,baseline
2024-01-07,P0018,661.9586537890276,52.432599999999994,9.7,baseline
2024-01-08,P0018,647.4761152473627,52.432599999999994,9.7,baseline
2024-01-09,P0018,671.8403962570061,52.432599999999994,9.7,baseline
2024-01-10,P0018,674.4760123723381,52.432599999999994,9.7,baseline
2024-01-11,P0018,677.1740785988723,52.432599999999994,9.7,baseline
2024-01-12,P0018,673.2706139727196,52.432599999999994,9.7,baseline
2024-01-13,P0018,676.116613355942,52.432599999999994,9.7,baseline
2024-01-14,P0018,674.641445790533,52.432599999999994,9.7,baseline
2024-01-15,P0018,673.569818275316,52.432599999999994,9.7,baseline
2024-01-16,P0018,675.6106836498691,52.432599999999994,9.7,baseline
2024-01-17,P0018,675.9107941901968,52.432599999999994,9.7,baseline
2024-01-18,P0018,676.2160324141485,52.432599999999994,9.7,baseline
2024-01-19,P0018,675.9924867774458,52.432599999999994,9.7,baseline
2024-01-20,P0018,676.3098257444916,52.432599999999994,9.7,baseline
2024-01-21,P0018,676.2810813447963,52.432599999999994,9.7,baseline
2024-01-22,P0018,676.2847924162817,52.432599999999994,9.7,baseline
2024-01-23,P0018,676.5379975732222,52.432599999999994,9.7,baseline
2024-01-24,P0018,676.6518594223057,52.432599999999994,9.7,baseline
2024-01-25,P0018,676.7662563389783,52.432599999999994,9.7,baseline
2024-01-26,P0018,676.838411859943,52.432599999999994,9.7,baseline
2024-01-27,P0018,676.9540267614759,52.432599999999994,9.7,baseline
2024-01-28,P0018,677.0420380496377,52.432599999999994,9.7,baseline
2024-01-29,P0018,677.1327738806189,52.432599999999994,9.7,baseline
2024-01-30,P0018,677.2436231728967,52.432599999999994,9.7,baseline
2024-01-31,P0018,677.3434326602388,52.432599999999994,9.7,baseline
2024-02-01,P0018,677.4434092593291,52.432599999999994,9.7,baseline
2024-02-02,P0018,677.5401257623615,52.432599999999994,9.7,baseline
2024-02-03,P0018,677.6404484305178,52.432599999999994,9.7,baseline
2024-02-04,P0018,677.7386837672169,52.432599999999994,9.7,baseline
2024-02-05,P0018,677.8372616342476,52.432599999999994,9.7,baseline
2024-02-06,P0018,677.9375752145089,52.432599999999994,9.7,baseline
2024-02-07,P0018,678.0371285392137,52.432599999999994,9.7,baseline
2024-02-08,P0018,678.1368194954096,52.432599999999994,9.7,baseline
2024-02-09,P0018,678.236373498607,52.432599999999994,9.7,baseline
2024-02-10,P0018,678.3363406668406,52.432599999999994,9.7,baseline
2024-02-11,P0018,678.4362648428121,52.432599999999994,9.7,baseline
2024-02-12,P0018,678.5363407046376,52.432599999999994,9.7,baseline
2024-02-13,P0018,678.636679872749,52.432599999999994,9.7,baseline
2024-02-14,P0018,678.7370823726031,52.432599999999994,9.7,baseline
2024-02-15,P0018,678.8376201420194,52.432599999999994,9.7,baseline
2024-02-16,P0018,678.938271181561,52.432599999999994,9.7,baseline
2024-02-17,P0018,679.0390795661392,52.432599999999994,9.7,baseline
2024-02-18,P0018,679.1400087488836,52.432599999999994,9.7,baseline
2024-02-19,P0018,679.2410743272118,52.432599999999994,9.7,baseline
2024-02-20,P0018,679.3422852440422,52.432599999999994,9.7,baseline
2024-02-21,P0018,679.4436254776126,52.432599999999994,9.7,baseline
2024-02-22,P0018,679.5451007915099,52.432599999999994,9.7,baseline
2024-02-23,P0018,679.6467094231608,52.432599999999994,9.7,baseline
2024-02-24,P0018,679.7484549038037,52.432599999999994,9.7,baseline
2024-02-25,P0018,679.8503343053395,52.432599999999994,9.7,baseline
2024-01-02,P0019,718.3198598204199,52.8912,9.866666666666667,baseline
2024-01-03,P0019,730.5747547467249,52.8912,9.866666666666667,baseline
2024-01-04,P0019,719.0583559008953,52.8912,9.866666666666667,baseline
2024-01-05,P0019,723.922463273938,52.8912,9.866666666666667,baseline
2024-01-06,P0019,725.9740899870063,52.8912,9.866666666666667,baseline
2024-01-07,P0019,722.671824511459,52.8912,9.866666666666667,baseline
2024-01-08,P0019,721.1057542034536,52.8912,9.866666666666667,baseline
2024-01-09,P0019,723.4362485712909,52.8912,9.866666666666667,baseline
2024-01-10,P0019,723.1571310313217,52.8912,9.866666666666667,baseline
2024-01-11,P0019,723.4480656173674,52.8912,9.866666666666667,baseline
2024-01-12,P0019,723.346219440112,52.8912,9.866666666666667,baseline
2024-01-13,P0019,723.311836847637,52.8912,9.866666666666667,baseline
2024-01-14,P0019,723.405860427961,52.8912,9.866666666666667,baseline
2024-01-15,P0019,723.458271170824,52.8912,9.866666666666667,baseline
2024-01-16,P0019,723.4172638068202,52.8912,9.866666666666667,baseline
2024-01-17,P0019,723.4388552716742,52.8912,9.866666666666667,baseline
2024-01-18,P0019,723.4467977979282,52.8912,9.866666666666667,baseline
2024-01-19,P0019,723.4641799438274,52.8912,9.866666666666667,baseline
2024-01-20,P0019,723.4799651332892,52.8912,9.866666666666667,baseline
2024-01-21,P0019,723.4926919740941,52.8912,9.866666666666667,baseline
2024-01-22,P0019,723.5064374913052,52.8912,9.866666666666667,baseline
2024-01-23,P0019,723.522443965897,52.8912,9.866666666666667,baseline
2024-01-24,P0019,723.536970140017,52.8912,9.866666666666667,baseline
2024-01-25,P0019,723.5518444213149,52.8912,9.866666666666667,baseline
2024-01-26,P0019,723.5665131503469,52.8912,9.866666666666667,baseline
2024-01-27,P0019,723.5812409822079,52.8912,9.866666666666667,baseline
2024-01-28,P0019,723.5960629608186,52.8912,9.866666666666667,baseline
2024-01-29,P0019,723.6108813198566,52.8912,9.866666666666667,baseline
2024-01-30,P0019,723.6256662696493,52.8912,9.866666666666667,baseline
2024-01-31,P0019,723.640507524882,52.8912,9.866666666666667,baseline
2024-02-01,P0019,723.6553612406706,52.8912,9.866666666666667,baseline
2024-02-02,P0019,723.6702406936683,52.8912,9.866666666666667,baseline
2024-02-03,P0019,723.6851395374939,52.8912,9.866666666666667,baseline
2024-02-04,P0019,723.7000569318005,52.8912,9.866666666666667,baseline
2024-02-05,P0019,723.7149952210068,52.8912,9.866666666666667,baseline
2024-02-06,P0019,723.7299551194637,52.8912,9.866666666666667,baseline
2024-02-07,P0019,723.7449344758294,52.8912,9.866666666666667,baseline
2024-02-08,P0019,723.7599343414961,52.8912,9.866666666666667,baseline
2024-02-09,P0019,723.7749543980922,52.8912,9.866666666666667,baseline
2024-02-10,P0019,723.7899947978027,52.8912,9.866666666666667,baseline
2024-02-11,P0019,723.8050555607791,52.8912,9.866666666666667,baseline
2024-02-12,P0019,723.8201366308026,52.8912,9.866666666666667,baseline
2024-02-13,P0019,723.8352379907432,52.8912,9.866666666666667,baseline
2024-02-14,P0019,723.8503596921896,52.8912,9.866666666666667,baseline
2024-02-15,P0019,723.8655017099297,52.8912,9.866666666666667,baseline
2024-02-16,P0019,723.8806640515979,52.8912,9.866666666666667,baseline
2024-02-17,P0019,723.895846713545,52.8912,9.866666666666667,baseline
2024-02-18,P0019,723.9110496952876,52.8912,9.866666666666667,baseline
2024-02-19,P0019,723.9262729981739,52.8912,9.866666666666667,baseline
2024-02-20,P0019,723.9415166226146,52.8912,9.866666666666667,baseline
2024-02-21,P0019,723.9567805673727,52.8912,9.866666666666667,baseline
2024-02-22,P0019,723.9720648330527,52.8912,9.866666666666667,baseline
2024-02-23,P0019,723.9873694194716,52.8912,9.866666666666667,baseline
2024-02-24,P0019,724.0026943267169,52.8912,9.866666666666667,baseline
2024-02-25,P0019,724.0180395548001,52.8912,9.866666666666667,baseline
2024-01-02,P0020,675.7235185193799,56.374599999999994,9.533333333333333,baseline
2024-01-03,P0020,623.3199898663242,56.374599999999994,9.533333333333333,baseline
2024-01-04,P0020,645.1650289485824,56.374599999999994,9.533333333333333,baseline
2024-01-05,P0020,633.5779911314895,56.374599999999994,9.533333333333333,baseline
2024-01-06,P0020,626.516335211404,56.374599999999994,9.533333333333333,baseline
2024-01-07,P0020,631.0168515315944,56.374599999999994,9.533333333333333,baseline
2024-01-08,P0020,641.7262968015756,56.374599999999994,9.533333333333333,baseline
2024-01-09,P0020,636.2993169980127,56.374599999999994,9.533333333333333,baseline
2024-01-10,P0020,634.8665579153895,56.374599999999994,9.533333333333333,baseline
2024-01-11,P0020,635.8741050823086,56.374599999999994,9.533333333333333,baseline
2024-01-12,P0020,635.2174758270436,56.374599999999994,9.533333333333333,baseline
2024-01-13,P0020,634.7859827072037,56.374599999999994,9.533333333333333,baseline
2024-01-14,P0020,634.9298782629337,56.374599999999994,9.533333333333333,baseline
2024-01-15,P0020,635.3827076236119,56.374599999999994,9.533333333333333,baseline
2024-01-16,P0020,635.032242539522,56.374599999999994,9.533333333333333,baseline
2024-01-17,P0020,634.8804753225459,56.374599999999994,9.533333333333333,baseline
2024-01-18,P0020,634.8500606967515,56.374599999999994,9.533333333333333,baseline
2024-01-19,P0020,634.7367001948513,56.374599999999994,9.533333333333333,baseline
2024-01-20,P0020,634.6344333562021,56.374599999999994,9.533333333333333,baseline
2024-01-21,P0020,634.560693816864,56.374599999999994,9.533333333333333,baseline
2024-01-22,P0020,634.5022189257256,56.374599999999994,9.533333333333333,baseline
2024-01-23,P0020,634.4036481063478,56.374599999999994,9.533333333333333,baseline
2024-01-24,P0020,634.314854999314,56.374599999999994,9.533333333333333,baseline
2024-01-25,P0020,634.2319897841746,56.374599999999994,9.533333333333333,baseline
2024-01-26,P0020,634.1448836121189,56.374599999999994,9.533333333333333,baseline
2024-01-27,P0020,634.0582172517821,56.374599999999994,9.533333333333333,baseline
2024-01-28,P0020,633.9728584532346,56.374599999999994,9.533333333333333,baseline
2024-01-29,P0020,633.8881470749893,56.374599999999994,9.533333333333333,baseline
2024-01-30,P0020,633.8013275734567,56.374599999999994,9.533333333333333,baseline
2024-01-31,P0020,633.7148823828784,56.374599999999994,9.533333333333333,baseline
2024-02-01,P0020,633.6286198804655,56.374599999999994,9.533333333333333,baseline
2024-02-02,P0020,633.5420339171142,56.374599999999994,9.533333333333333,baseline
2024-02-03,P0020,633.4553574756226,56.374599999999994,9.533333333333333,baseline
2024-02-04,P0020,633.3686337477942,56.374599999999994,9.533333333333333,baseline
2024-02-05,P0020,633.2818298754337,56.374599999999994,9.533333333333333,baseline
2024-02-06,P0020,633.1948087028073,56.374599999999994,9.533333333333333,baseline
2024-02-07,P0020,633.1076937917746,56.374599999999994,9.533333333333333,baseline
2024-02-08,P0020,633.0204756044119,56.374599999999994,9.533333333333333,baseline
2024-02-09,P0020,632.9331289474136,56.374599999999994,9.533333333333333,baseline
2024-02-10,P0020,632.845665417376,56.374599999999994,9.533333333333333,baseline
2024-02-11,P0020,632.7580871641485,56.374599999999994,9.533333333333333,baseline
2024-02-12,P0020,632.6703925522316,56.374599999999994,9.533333333333333,baseline
2024-02-13,P0020,632.5825747547709,56.374599999999994,9.533333333333333,baseline
2024-02-14,P0020,632.4946399219929,56.374599999999994,9.533333333333333,baseline
2024-02-15,P0020,632.4065875791523,56.374599999999994,9.533333333333333,baseline
2024-02-16,P0020,632.3184164722658,56.374599999999994,9.533333333333333,baseline
2024-02-17,P0020,632.2301271785478,56.374599999999994,9.533333333333333,baseline
2024-02-18,P0020,632.141719805006,56.374599999999994,9.533333333333333,baseline
2024-02-19,P0020,632.0531942702341,56.374599999999994,9.533333333333333,baseline
2024-02-20,P0020,631.9645502344292,56.374599999999994,9.533333333333333,baseline
2024-02-21,P0020,631.8757880037155,56.374599999999994,9.533333333333333,baseline
2024-02-22,P0020,631.7869075544628,56.374599999999994,9.533333333333333,baseline
2024-02-23,P0020,631.6979088242548,56.374599999999994,9.533333333333333,baseline
2024-02-24,P0020,631.6087918418219,56.374599999999994,9.533333333333333,baseline
2024-02-25,P0020,631.5195566124905,56.374599999999994,9.533333333333333,baseline
